{
  "bridge": {
    "name": "桥梁",
    "type": 2
  },
  "coast": {
    "name": "海滨",
    "type": 1
  },
  "forest": {
    "name": "森林",
    "type": 3
  },
  "grass": {
    "name": "草地",
    "type": 2
  },
  "hole": {
    "name": "裂谷",
    "type": 3
  },
  "mountain": {
    "name": "山谷",
    "type": 0
  },
  "reef": {
    "name": "海礁",
    "type": 3
  },
  "road": {
    "name": "公路",
    "type": 2
  },
  "sand": {
    "name": "沙地",
    "type": 2
  },
  "sea": {
    "name": "海洋",
    "type": 1
  }
}