{
    "block_map": {
        "name": "111",
        "size": [
            2,
            2
        ],
        "block": [
            [
                "bridge_a1",
                "bridge_a1"
            ],
            [
                "bridge_a1",
                "bridge_a1"
            ]
        ]
    },
    "unit_map": {
        "faction": [
            "red",
            "blue"
        ],
        "unit": [
            {
                "name": "boat1",
                "faction": "blue",
                "damage": 0,
                "coordinate": [
                    0,
                    0
                ]
            },
            {
                "name": "boat1",
                "faction": "blue",
                "damage": 0,
                "coordinate": [
                    0,
                    1
                ]
            },
            {
                "name": "boat1",
                "faction": "red",
                "damage": 0,
                "coordinate": [
                    1,
                    0
                ]
            },
            {
                "name": "boat1",
                "faction": "red",
                "damage": 0,
                "coordinate": [
                    1,
                    1
                ]
            }
        ]
    }
}