{"unit_map": {"unit": [{"name": "tank1", "damage": 0, "faction": "red", "coordinate": [3, 2]}, {"name": "boat5", "damage": 0, "faction": "red", "coordinate": [5, 5]}, {"name": "plane2", "damage": 0, "faction": "blue", "coordinate": [2, 2]}, {"name": "plane1", "damage": 0, "faction": "blue", "coordinate": [1, 1]}, {"name": "plane1", "damage": 0, "faction": "blue", "coordinate": [1, 2]}, {"name": "plane1", "damage": 0, "faction": "blue", "coordinate": [1, 3]}, {"name": "plane1", "damage": 0, "faction": "blue", "coordinate": [2, 1]}, {"name": "plane1", "damage": 0, "faction": "blue", "coordinate": [2, 3]}, {"name": "boat3", "damage": 0, "faction": "red", "coordinate": [4, 3]}], "faction": ["red", "blue"]}, "block_map": {"name": "abcd1", "size": [10, 10], "block": [["forest_1", "grass_3", "grass_3", "forest_1", "grass_3", "forest_1", "grass_3", "grass_3", "grass_3", "grass_3"], ["grass_3", "grass_1", "coast_b3", "coast_a3", "coast_a3", "coast_b4", "grass_2", "forest_1", "road_d2", "grass_1"], ["forest_1", "road_c2", "bridge_a1", "bridge_a2", "bridge_a2", "bridge_a3", "road_a1", "road_a1", "road_b2", "grass_1"], ["road_c2", "road_c4", "coast_a1", "sea", "sea", "coast_a2", "grass_1", "forest_1", "road_a2", "grass_2"], ["road_a2", "forest_1", "coast_a1", "sea", "sea", "coast_a2", "grass_1", "grass_1", "road_a2", "grass_1"], ["road_a2", "forest_1", "coast_a1", "sea", "sea", "coast_c4", "coast_b4", "grass_1", "road_a2", "hole"], ["road_a2", "forest_1", "coast_a1", "reef_2", "sea", "reef_1", "coast_a2", "forest_1", "road_a2", "hole"], ["road_a2", "mountain_5", "coast_b1", "coast_a4", "coast_a4", "coast_a4", "coast_b2", "mountain_5", "road_a2", "forest_1"], ["road_c1", "road_a1", "road_a1", "road_a1", "road_a1", "road_a1", "road_a1", "road_a1", "road_c4", "forest_1"], ["forest_1", "forest_1", "mountain_3", "mountain_2", "forest_1", "forest_1", "mountain_3", "mountain_1", "mountain_1", "mountain_1"]]}}