{"unit_map": {"unit": [{"name": "plane2", "damage": 0, "faction": "red", "coordinate": [0, 0]}, {"name": "plane2", "damage": 0, "faction": "red", "coordinate": [3, 4]}, {"name": "plane1", "damage": 0, "faction": "blue", "coordinate": [0, 4]}, {"name": "plane1", "damage": 0, "faction": "blue", "coordinate": [3, 0]}], "faction": ["red", "blue"]}, "block_map": {"name": "tt", "size": [4, 5], "block": [["grass_1", "grass_1", "grass_1", "grass_1"], ["forest_1", "forest_1", "grass_1", "forest_1"], ["grass_2", "grass_1", "grass_1", "grass_2"], ["forest_1", "grass_1", "forest_1", "forest_1"], ["grass_1", "grass_1", "grass_1", "grass_1"]]}}