{
    "block_map": {
        "name": "\u4e8c",
        "size": [
            8,
            8
        ],
        "block": [
            [
                "sea",
                "sea",
                "sea",
                "coast_d4",
                "road_c2",
                "road_a1",
                "road_a1",
                "road_c3"
            ],
            [
                "sea",
                "sea",
                "coast_d4",
                "road_d3",
                "road_c4",
                "mountain_4",
                "mountain_4",
                "road_a2"
            ],
            [
                "sea",
                "coast_d4",
                "mountain_2",
                "mountain_1",
                "mountain_3",
                "road_c2",
                "road_a1",
                "road_b2"
            ],
            [
                "coast_a2",
                "road_d3",
                "road_a1",
                "road_b4",
                "road_a1",
                "road_c4",
                "mountain_4",
                "road_a2"
            ],
            [
                "coast_a2",
                "mountain_5",
                "coast_b3",
                "bridge_b1",
                "coast_a3",
                "coast_b4",
                "hole",
                "road_a2"
            ],
            [
                "coast_a2",
                "mountain_5",
                "coast_a1",
                "bridge_b2",
                "sea",
                "coast_a2",
                "hole",
                "road_a2"
            ],
            [
                "coast_c4",
                "coast_a3",
                "coast_c3",
                "bridge_b3",
                "coast_a4",
                "coast_d4",
                "road_b5",
                "road_b2"
            ],
            [
                "sea",
                "sea",
                "coast_e2",
                "road_c1",
                "road_a1",
                "road_b3",
                "road_b3",
                "road_c4"
            ]
        ]
    },
    "unit_map": {
        "faction": [
            "red",
            "blue"
        ],
        "unit": [
            {
                "name": "tank1",
                "faction": "blue",
                "damage": 0,
                "coordinate": [
                    6,
                    6
                ]
            },
            {
                "name": "tank1",
                "faction": "blue",
                "damage": 0,
                "coordinate": [
                    5,
                    7
                ]
            },
            {
                "name": "boat3",
                "faction": "blue",
                "damage": 0,
                "coordinate": [
                    4,
                    6
                ]
            },
            {
                "name": "boat3",
                "faction": "blue",
                "damage": 0,
                "coordinate": [
                    5,
                    5
                ]
            },
            {
                "name": "boat5",
                "faction": "blue",
                "damage": 0,
                "coordinate": [
                    1,
                    7
                ]
            },
            {
                "name": "plane2",
                "faction": "blue",
                "damage": 0,
                "coordinate": [
                    7,
                    4
                ]
            },
            {
                "name": "plane2",
                "faction": "blue",
                "damage": 0,
                "coordinate": [
                    7,
                    5
                ]
            },
            {
                "name": "plane1",
                "faction": "blue",
                "damage": 0,
                "coordinate": [
                    3,
                    7
                ]
            },
            {
                "name": "tank1",
                "faction": "red",
                "damage": 0,
                "coordinate": [
                    3,
                    1
                ]
            },
            {
                "name": "tank1",
                "faction": "red",
                "damage": 0,
                "coordinate": [
                    1,
                    3
                ]
            },
            {
                "name": "boat3",
                "faction": "red",
                "damage": 0,
                "coordinate": [
                    1,
                    1
                ]
            },
            {
                "name": "boat3",
                "faction": "red",
                "damage": 0,
                "coordinate": [
                    0,
                    2
                ]
            },
            {
                "name": "plane1",
                "faction": "red",
                "damage": 0,
                "coordinate": [
                    7,
                    0
                ]
            },
            {
                "name": "plane2",
                "faction": "red",
                "damage": 0,
                "coordinate": [
                    5,
                    0
                ]
            },
            {
                "name": "plane2",
                "faction": "red",
                "damage": 0,
                "coordinate": [
                    3,
                    3
                ]
            },
            {
                "name": "boat5",
                "faction": "red",
                "damage": 0,
                "coordinate": [
                    2,
                    4
                ]
            }
        ]
    }
}