{
    "block_map": {
        "name": "\u4e00",
        "size": [
            5,
            5
        ],
        "block": [
            [
                "road_c2",
                "road_a1",
                "road_b4",
                "road_a1",
                "road_c3"
            ],
            [
                "road_a2",
                "coast_d1",
                "coast_e3",
                "coast_d3",
                "road_a2"
            ],
            [
                "road_b1",
                "coast_e1",
                "sea",
                "coast_e2",
                "road_b2"
            ],
            [
                "road_a2",
                "coast_d2",
                "coast_e4",
                "coast_d4",
                "road_a2"
            ],
            [
                "road_c1",
                "road_a1",
                "road_b3",
                "road_a1",
                "road_c4"
            ]
        ]
    },
    "unit_map": {
        "faction": [
            "red",
            "blue"
        ],
        "unit": [
            {
                "name": "boat5",
                "faction": "blue",
                "damage": 0,
                "coordinate": [
                    1,
                    2
                ]
            },
            {
                "name": "boat5",
                "faction": "red",
                "damage": 0,
                "coordinate": [
                    3,
                    2
                ]
            },
            {
                "name": "tank1",
                "faction": "blue",
                "damage": 0,
                "coordinate": [
                    0,
                    1
                ]
            },
            {
                "name": "tank1",
                "faction": "blue",
                "damage": 0,
                "coordinate": [
                    0,
                    3
                ]
            },
            {
                "name": "tank1",
                "faction": "red",
                "damage": 0,
                "coordinate": [
                    4,
                    1
                ]
            },
            {
                "name": "tank1",
                "faction": "red",
                "damage": 0,
                "coordinate": [
                    4,
                    3
                ]
            },
            {
                "name": "plane1",
                "faction": "blue",
                "damage": 0,
                "coordinate": [
                    0,
                    0
                ]
            },
            {
                "name": "plane1",
                "faction": "blue",
                "damage": 0,
                "coordinate": [
                    0,
                    4
                ]
            },
            {
                "name": "plane1",
                "faction": "red",
                "damage": 0,
                "coordinate": [
                    4,
                    0
                ]
            },
            {
                "name": "plane1",
                "faction": "red",
                "damage": 0,
                "coordinate": [
                    4,
                    4
                ]
            }
        ]
    }
}