{
  "bridge": {
    "land": true,
    "sea": true
  },
  "coast": {
    "land": false,
    "sea": true
  },
  "forest": {
    "land": true,
    "sea": false
  },
  "grass": {
    "land": true,
    "sea": false
  },
  "hole": {
    "land": false,
    "sea": false
  },
  "mountain": {
    "land": true,
    "sea": false
  },
  "reef": {
    "land": false,
    "sea": true
  },
  "road": {
    "land": true,
    "sea": false
  },
  "sand": {
    "land": true,
    "sea": false
  },
  "sea": {
    "land": false,
    "sea": true
  }
}