{
  "boat1": {
    "name": "海鸟驱逐舰",
    "health": 90,
    "armor": 1,
    "attack": 45,
    "attack_type": 1,
    "move": 5,
    "move_type": 1
  },
  "boat2": {
    "name": "猎人支援舰",
    "health": 90,
    "armor": 1,
    "attack": 17,
    "attack_type": 1,
    "move": 5,
    "move_type": 1
  },
  "boat3": {
    "name": "无畏战略舰",
    "health": 50,
    "armor": 0,
    "attack": 15,
    "attack_type": 0,
    "move": 5,
    "move_type": 1
  },
  "boat4": {
    "name": "战列巡洋舰",
    "health": 140,
    "armor": 2,
    "attack": 50,
    "attack_type": 2,
    "move": 4,
    "move_type": 1
  },
  "boat5": {
    "name": "U型潜艇",
    "health": 25,
    "armor": 0,
    "attack": 35,
    "attack_type": 2,
    "move": 4,
    "move_type": 1
  },
  "boat6": {
    "name": "利维坦泊船",
    "health": 48,
    "armor": 1,
    "attack": 0,
    "attack_type": 0,
    "move": 4,
    "move_type": 1
  },
  "tank1": {
    "name": "歼灭者坦克",
    "health": 140,
    "armor": 2,
    "attack": 70,
    "attack_type": 2,
    "move": 4,
    "move_type": 2
  },
  "tank2": {
    "name": "蜘蛛坦克",
    "health": 32,
    "armor": 0,
    "attack": 55,
    "attack_type": 0,
    "move": 4,
    "move_type": 2
  },
  "tank3": {
    "name": "轻型坦克",
    "health": 40,
    "armor": 1,
    "attack": 30,
    "attack_type": 1,
    "move": 5,
    "move_type": 2
  },
  "tank4": {
    "name": "火箭车",
    "health": 40,
    "armor": 0,
    "attack": 40,
    "attack_type": 2,
    "move": 4,
    "move_type": 2
  },
  "tank5": {
    "name": "战争机器",
    "health": 75,
    "armor": 1,
    "attack": 60,
    "attack_type": 1,
    "move": 3,
    "move_type": 2
  },
  "tank6": {
    "name": "高射炮坦克",
    "health": 70,
    "armor": 1,
    "attack": 17,
    "attack_type": 0,
    "move": 5,
    "move_type": 2
  },
  "tank7": {
    "name": "蝎子坦克",
    "health": 70,
    "armor": 1,
    "attack": 35,
    "attack_type": 1,
    "move": 6,
    "move_type": 2
  },
  "tank8": {
    "name": "枪骑兵坦克",
    "health": 70,
    "armor": 1,
    "attack": 35,
    "attack_type": 1,
    "move": 6,
    "move_type": 2
  },
  "tank9": {
    "name": "迫击炮车",
    "health": 50,
    "armor": 0,
    "attack": 48,
    "attack_type": 1,
    "move": 5,
    "move_type": 2
  },
  "tank10": {
    "name": "炮塔",
    "health": 100,
    "armor": 2,
    "attack": 40,
    "attack_type": 1,
    "move": 0,
    "move_type": 2
  },
  "soldier1": {
    "name": "重装突击兵",
    "health": 40,
    "armor": 0,
    "attack": 35,
    "attack_type": 2,
    "move": 3,
    "move_type": 2
  },
  "soldier2": {
    "name": "轻型突击兵",
    "health": 40,
    "armor": 0,
    "attack": 28,
    "attack_type": 0,
    "move": 3,
    "move_type": 2
  },
  "plane1": {
    "name": "秃鹫无人机",
    "health": 50,
    "armor": 0,
    "attack": 25,
    "attack_type": 0,
    "move": 7,
    "move_type": 3
  },
  "plane2": {
    "name": "猛禽战斗机",
    "health": 55,
    "armor": 0,
    "attack": 30,
    "attack_type": 1,
    "move": 5,
    "move_type": 3
  },
  "plane3": {
    "name": "秃鹰轰炸机",
    "health": 72,
    "armor": 0,
    "attack": 70,
    "attack_type": 2,
    "move": 3,
    "move_type": 3
  }
}